[{"id":11,"name":"Concert Flute","price":1.0,"quantity":4,"location":"MI"},{"id":12,"name":"Oboe","price":2.0,"quantity":6,"location":"NY"},{"id":13,"name":"Soprano Clarinet","price":3.0,"quantity":5,"location":"USA"},{"id":14,"name":"Ocarina of Time","price":4.0,"quantity":4,"location":"CoolZone"},{"id":16,"name":"Trumpet","price":6.0,"quantity":22,"location":"OverThere"},{"id":17,"name":"Upright Bass","price":7.0,"quantity":34,"location":"Somewhere"},{"id":18,"name":"Baritone","price":8.0,"quantity":2,"location":"UnderThere"},{"id":19,"name":"Trombone","price":9.0,"quantity":10,"location":"ThePlace"},{"id":20,"name":"Steel Drum","price":10.0,"quantity":3,"location":"Antarctica"},{"id":21,"name":"Alto Sax","price":11.0,"quantity":1,"location":"France"}]